Institute,Branch,Category,Gender,Exam,Cutoff
JNTUH University College of Engineering Hyderabad,CHE,OC,Boy,TS EAMCET ,20629
JNTUH University College of Engineering Hyderabad,CHE,OC,Girl,TS EAMCET ,20629
JNTUH University College of Engineering Hyderabad,CHE,EWS,Boy,TS EAMCET ,33918
JNTUH University College of Engineering Hyderabad,CHE,EWS,Girl,TS EAMCET ,33918
JNTUH University College of Engineering Hyderabad,CHE,BC-A,Boy,TS EAMCET ,58091
JNTUH University College of Engineering Hyderabad,CHE,BC-A,Girl,TS EAMCET ,58091
JNTUH University College of Engineering Hyderabad,CHE,BC-B,Boy,TS EAMCET ,42907
JNTUH University College of Engineering Hyderabad,CHE,BC-B,Girl,TS EAMCET ,52073
JNTUH University College of Engineering Hyderabad,CHE,BC-C,Boy,TS EAMCET ,20629
JNTUH University College of Engineering Hyderabad,CHE,BC-C,Girl,TS EAMCET ,20629
JNTUH University College of Engineering Hyderabad,CHE,BC-D ,Boy,TS EAMCET ,53419
JNTUH University College of Engineering Hyderabad,CHE,BC-D ,Girl,TS EAMCET ,60012
JNTUH University College of Engineering Hyderabad,CHE,BC-E,Boy,TS EAMCET ,90130
JNTUH University College of Engineering Hyderabad,CHE,BC-E,Girl,TS EAMCET ,90130
JNTUH University College of Engineering Hyderabad,CHE,SC,Boy,TS EAMCET ,76995
JNTUH University College of Engineering Hyderabad,CHE,SC,Girl,TS EAMCET ,91262
JNTUH University College of Engineering Hyderabad,CHE,ST,Boy,TS EAMCET ,53672
JNTUH University College of Engineering Hyderabad,CHE,ST,Girl,TS EAMCET ,53672
JNTUH University College of Engineering Hyderabad,CIV,OC,Boy,TS EAMCET ,12364
JNTUH University College of Engineering Hyderabad,CIV,OC,Girl,TS EAMCET ,12364
JNTUH University College of Engineering Hyderabad,CIV,EWS,Boy,TS EAMCET ,27475
JNTUH University College of Engineering Hyderabad,CIV,EWS,Girl,TS EAMCET ,27475
JNTUH University College of Engineering Hyderabad,CIV,BC-A,Boy,TS EAMCET ,30926
JNTUH University College of Engineering Hyderabad,CIV,BC-A,Girl,TS EAMCET ,33973
JNTUH University College of Engineering Hyderabad,CIV,BC-B,Boy,TS EAMCET ,25966
JNTUH University College of Engineering Hyderabad,CIV,BC-B,Girl,TS EAMCET ,36100
JNTUH University College of Engineering Hyderabad,CIV,BC-C,Boy,TS EAMCET ,12364
JNTUH University College of Engineering Hyderabad,CIV,BC-C,Girl,TS EAMCET ,104216
JNTUH University College of Engineering Hyderabad,CIV,BC-D ,Boy,TS EAMCET ,21746
JNTUH University College of Engineering Hyderabad,CIV,BC-D ,Girl,TS EAMCET ,21746
JNTUH University College of Engineering Hyderabad,CIV,BC-E,Boy,TS EAMCET ,28782
JNTUH University College of Engineering Hyderabad,CIV,BC-E,Girl,TS EAMCET ,45613
JNTUH University College of Engineering Hyderabad,CIV,SC,Boy,TS EAMCET ,25953
JNTUH University College of Engineering Hyderabad,CIV,SC,Girl,TS EAMCET ,30585
JNTUH University College of Engineering Hyderabad,CIV,ST,Boy,TS EAMCET ,21986
JNTUH University College of Engineering Hyderabad,CIV,ST,Girl,TS EAMCET ,23702
JNTUH University College of Engineering Hyderabad,CSE,OC,Boy,TS EAMCET ,1211
JNTUH University College of Engineering Hyderabad,CSE,OC,Girl,TS EAMCET ,1685
JNTUH University College of Engineering Hyderabad,CSE,EWS,Boy,TS EAMCET ,1446
JNTUH University College of Engineering Hyderabad,CSE,EWS,Girl,TS EAMCET ,2161
JNTUH University College of Engineering Hyderabad,CSE,BC-A,Boy,TS EAMCET ,3107
JNTUH University College of Engineering Hyderabad,CSE,BC-A,Girl,TS EAMCET ,3944
JNTUH University College of Engineering Hyderabad,CSE,BC-B,Boy,TS EAMCET ,1342
JNTUH University College of Engineering Hyderabad,CSE,BC-B,Girl,TS EAMCET ,1873
JNTUH University College of Engineering Hyderabad,CSE,BC-C,Boy,TS EAMCET ,1211
JNTUH University College of Engineering Hyderabad,CSE,BC-C,Girl,TS EAMCET ,1685
JNTUH University College of Engineering Hyderabad,CSE,BC-D ,Boy,TS EAMCET ,2146
JNTUH University College of Engineering Hyderabad,CSE,BC-D ,Girl,TS EAMCET ,2146
JNTUH University College of Engineering Hyderabad,CSE,BC-E,Boy,TS EAMCET ,1211
JNTUH University College of Engineering Hyderabad,CSE,BC-E,Girl,TS EAMCET ,1977
JNTUH University College of Engineering Hyderabad,CSE,SC,Boy,TS EAMCET ,5198
JNTUH University College of Engineering Hyderabad,CSE,SC,Girl,TS EAMCET ,5198
JNTUH University College of Engineering Hyderabad,CSE,ST,Boy,TS EAMCET ,3035
JNTUH University College of Engineering Hyderabad,CSE,ST,Girl,TS EAMCET ,3978
JNTUH University College of Engineering Hyderabad,CSM,OC,Boy,TS EAMCET ,2241
JNTUH University College of Engineering Hyderabad,CSM,OC,Girl,TS EAMCET ,2859
JNTUH University College of Engineering Hyderabad,CSM,EWS,Boy,TS EAMCET ,2241
JNTUH University College of Engineering Hyderabad,CSM,EWS,Girl,TS EAMCET ,3194
JNTUH University College of Engineering Hyderabad,CSM,BC-A,Boy,TS EAMCET ,4285
JNTUH University College of Engineering Hyderabad,CSM,BC-A,Girl,TS EAMCET ,5610
JNTUH University College of Engineering Hyderabad,CSM,BC-B,Boy,TS EAMCET ,3066
JNTUH University College of Engineering Hyderabad,CSM,BC-B,Girl,TS EAMCET ,3110
JNTUH University College of Engineering Hyderabad,CSM,BC-C,Boy,TS EAMCET ,2241
JNTUH University College of Engineering Hyderabad,CSM,BC-C,Girl,TS EAMCET ,2859
JNTUH University College of Engineering Hyderabad,CSM,BC-D ,Boy,TS EAMCET ,2583
JNTUH University College of Engineering Hyderabad,CSM,BC-D ,Girl,TS EAMCET ,4326
JNTUH University College of Engineering Hyderabad,CSM,BC-E,Boy,TS EAMCET ,2241
JNTUH University College of Engineering Hyderabad,CSM,BC-E,Girl,TS EAMCET ,3048
JNTUH University College of Engineering Hyderabad,CSM,SC,Boy,TS EAMCET ,6164
JNTUH University College of Engineering Hyderabad,CSM,SC,Girl,TS EAMCET ,8570
JNTUH University College of Engineering Hyderabad,CSM,ST,Boy,TS EAMCET ,7760
JNTUH University College of Engineering Hyderabad,CSM,ST,Girl,TS EAMCET ,9846
JNTUH University College of Engineering Hyderabad,ECE,OC,Boy,TS EAMCET ,3131
JNTUH University College of Engineering Hyderabad,ECE,OC,Girl,TS EAMCET ,4485
JNTUH University College of Engineering Hyderabad,ECE,EWS,Boy,TS EAMCET ,4399
JNTUH University College of Engineering Hyderabad,ECE,EWS,Girl,TS EAMCET ,4485
JNTUH University College of Engineering Hyderabad,ECE,BC-A,Boy,TS EAMCET ,4912
JNTUH University College of Engineering Hyderabad,ECE,BC-A,Girl,TS EAMCET ,4912
JNTUH University College of Engineering Hyderabad,ECE,BC-B,Boy,TS EAMCET ,5454
JNTUH University College of Engineering Hyderabad,ECE,BC-B,Girl,TS EAMCET ,5454
JNTUH University College of Engineering Hyderabad,ECE,BC-C,Boy,TS EAMCET ,3710
JNTUH University College of Engineering Hyderabad,ECE,BC-C,Girl,TS EAMCET ,4485
JNTUH University College of Engineering Hyderabad,ECE,BC-D ,Boy,TS EAMCET ,5162
JNTUH University College of Engineering Hyderabad,ECE,BC-D ,Girl,TS EAMCET ,5162
JNTUH University College of Engineering Hyderabad,ECE,BC-E,Boy,TS EAMCET ,3131
JNTUH University College of Engineering Hyderabad,ECE,BC-E,Girl,TS EAMCET ,12113
JNTUH University College of Engineering Hyderabad,ECE,SC,Boy,TS EAMCET ,10671
JNTUH University College of Engineering Hyderabad,ECE,SC,Girl,TS EAMCET ,10671
JNTUH University College of Engineering Hyderabad,ECE,ST,Boy,TS EAMCET ,14211
JNTUH University College of Engineering Hyderabad,ECE,ST,Girl,TS EAMCET ,14211
JNTUH University College of Engineering Hyderabad,EEE,OC,Boy,TS EAMCET ,8792
JNTUH University College of Engineering Hyderabad,EEE,OC,Girl,TS EAMCET ,9502
JNTUH University College of Engineering Hyderabad,EEE,EWS,Boy,TS EAMCET ,10663
JNTUH University College of Engineering Hyderabad,EEE,EWS,Girl,TS EAMCET ,10663
JNTUH University College of Engineering Hyderabad,EEE,BC-A,Boy,TS EAMCET ,22873
JNTUH University College of Engineering Hyderabad,EEE,BC-A,Girl,TS EAMCET ,28817
JNTUH University College of Engineering Hyderabad,EEE,BC-B,Boy,TS EAMCET ,12354
JNTUH University College of Engineering Hyderabad,EEE,BC-B,Girl,TS EAMCET ,18295
JNTUH University College of Engineering Hyderabad,EEE,BC-C,Boy,TS EAMCET ,19834
JNTUH University College of Engineering Hyderabad,EEE,BC-C,Girl,TS EAMCET ,19834
JNTUH University College of Engineering Hyderabad,EEE,BC-D ,Boy,TS EAMCET ,10107
JNTUH University College of Engineering Hyderabad,EEE,BC-D ,Girl,TS EAMCET ,13493
JNTUH University College of Engineering Hyderabad,EEE,BC-E,Boy,TS EAMCET ,8792
JNTUH University College of Engineering Hyderabad,EEE,BC-E,Girl,TS EAMCET ,9502
JNTUH University College of Engineering Hyderabad,EEE,SC,Boy,TS EAMCET ,13746
JNTUH University College of Engineering Hyderabad,EEE,SC,Girl,TS EAMCET ,25283
JNTUH University College of Engineering Hyderabad,EEE,ST,Boy,TS EAMCET ,10666
JNTUH University College of Engineering Hyderabad,EEE,ST,Girl,TS EAMCET ,14468
JNTUH University College of Engineering Hyderabad,MEC,OC,Boy,TS EAMCET ,16091
JNTUH University College of Engineering Hyderabad,MEC,OC,Girl,TS EAMCET ,16091
JNTUH University College of Engineering Hyderabad,MEC,EWS,Boy,TS EAMCET ,175811
JNTUH University College of Engineering Hyderabad,MEC,EWS,Girl,TS EAMCET ,22337
JNTUH University College of Engineering Hyderabad,MEC,BC-A,Boy,TS EAMCET ,300078
JNTUH University College of Engineering Hyderabad,MEC,BC-A,Girl,TS EAMCET ,40454
JNTUH University College of Engineering Hyderabad,MEC,BC-B,Boy,TS EAMCET ,16091
JNTUH University College of Engineering Hyderabad,MEC,BC-B,Girl,TS EAMCET ,50661
JNTUH University College of Engineering Hyderabad,MEC,BC-C,Boy,TS EAMCET ,16091
JNTUH University College of Engineering Hyderabad,MEC,BC-C,Girl,TS EAMCET ,16091
JNTUH University College of Engineering Hyderabad,MEC,BC-D ,Boy,TS EAMCET ,27071
JNTUH University College of Engineering Hyderabad,MEC,BC-D ,Girl,TS EAMCET ,33243
JNTUH University College of Engineering Hyderabad,MEC,BC-E,Boy,TS EAMCET ,24583
JNTUH University College of Engineering Hyderabad,MEC,BC-E,Girl,TS EAMCET ,57305
JNTUH University College of Engineering Hyderabad,MEC,SC,Boy,TS EAMCET ,30219
JNTUH University College of Engineering Hyderabad,MEC,SC,Girl,TS EAMCET ,48730
JNTUH University College of Engineering Hyderabad,MEC,ST,Boy,TS EAMCET ,26626
JNTUH University College of Engineering Hyderabad,MEC,ST,Girl,TS EAMCET ,26626
CBIT-CHAITANYA BHARATHI INSTITUTE OF TECHNOLOGY,CHE,OC,Boy,TS EAMCET ,31062
CBIT-CHAITANYA BHARATHI INSTITUTE OF TECHNOLOGY,CHE,OC,Girl,TS EAMCET ,42346
CBIT-CHAITANYA BHARATHI INSTITUTE OF TECHNOLOGY,CHE,EWS,Boy,TS EAMCET ,61070
CBIT-CHAITANYA BHARATHI INSTITUTE OF TECHNOLOGY,CHE,EWS,Girl,TS EAMCET ,64753
CBIT-CHAITANYA BHARATHI INSTITUTE OF TECHNOLOGY,CHE,BC-A,Boy,TS EAMCET ,87099
CBIT-CHAITANYA BHARATHI INSTITUTE OF TECHNOLOGY,CHE,BC-A,Girl,TS EAMCET ,87099
CBIT-CHAITANYA BHARATHI INSTITUTE OF TECHNOLOGY,CHE,BC-B,Boy,TS EAMCET ,114784
CBIT-CHAITANYA BHARATHI INSTITUTE OF TECHNOLOGY,CHE,BC-B,Girl,TS EAMCET ,114784
CBIT-CHAITANYA BHARATHI INSTITUTE OF TECHNOLOGY,CHE,BC-C,Boy,TS EAMCET ,31062
CBIT-CHAITANYA BHARATHI INSTITUTE OF TECHNOLOGY,CHE,BC-C,Girl,TS EAMCET ,42346
CBIT-CHAITANYA BHARATHI INSTITUTE OF TECHNOLOGY,CHE,BC-D ,Boy,TS EAMCET ,97141
CBIT-CHAITANYA BHARATHI INSTITUTE OF TECHNOLOGY,CHE,BC-D ,Girl,TS EAMCET ,97141
CBIT-CHAITANYA BHARATHI INSTITUTE OF TECHNOLOGY,CHE,BC-E,Boy,TS EAMCET ,69810
CBIT-CHAITANYA BHARATHI INSTITUTE OF TECHNOLOGY,CHE,BC-E,Girl,TS EAMCET ,69810
CBIT-CHAITANYA BHARATHI INSTITUTE OF TECHNOLOGY,CHE,SC,Boy,TS EAMCET ,100651
CBIT-CHAITANYA BHARATHI INSTITUTE OF TECHNOLOGY,CHE,SC,Girl,TS EAMCET ,125796
CBIT-CHAITANYA BHARATHI INSTITUTE OF TECHNOLOGY,CHE,ST,Boy,TS EAMCET ,58979
CBIT-CHAITANYA BHARATHI INSTITUTE OF TECHNOLOGY,CHE,ST,Girl,TS EAMCET ,95989
CBIT-CHAITANYA BHARATHI INSTITUTE OF TECHNOLOGY,CIV,OC,Boy,TS EAMCET ,27388
CBIT-CHAITANYA BHARATHI INSTITUTE OF TECHNOLOGY,CIV,OC,Girl,TS EAMCET ,61803
CBIT-CHAITANYA BHARATHI INSTITUTE OF TECHNOLOGY,CIV,EWS,Boy,TS EAMCET ,73939
CBIT-CHAITANYA BHARATHI INSTITUTE OF TECHNOLOGY,CIV,EWS,Girl,TS EAMCET ,73939
CBIT-CHAITANYA BHARATHI INSTITUTE OF TECHNOLOGY,CIV,BC-A,Boy,TS EAMCET ,48750
CBIT-CHAITANYA BHARATHI INSTITUTE OF TECHNOLOGY,CIV,BC-A,Girl,TS EAMCET ,61803
CBIT-CHAITANYA BHARATHI INSTITUTE OF TECHNOLOGY,CIV,BC-B,Boy,TS EAMCET ,79158
CBIT-CHAITANYA BHARATHI INSTITUTE OF TECHNOLOGY,CIV,BC-B,Girl,TS EAMCET ,103570
CBIT-CHAITANYA BHARATHI INSTITUTE OF TECHNOLOGY,CIV,BC-C,Boy,TS EAMCET ,43893
CBIT-CHAITANYA BHARATHI INSTITUTE OF TECHNOLOGY,CIV,BC-C,Girl,TS EAMCET ,61803
CBIT-CHAITANYA BHARATHI INSTITUTE OF TECHNOLOGY,CIV,BC-D ,Boy,TS EAMCET ,54738
CBIT-CHAITANYA BHARATHI INSTITUTE OF TECHNOLOGY,CIV,BC-D ,Girl,TS EAMCET ,61803
CBIT-CHAITANYA BHARATHI INSTITUTE OF TECHNOLOGY,CIV,BC-E,Boy,TS EAMCET ,46350
CBIT-CHAITANYA BHARATHI INSTITUTE OF TECHNOLOGY,CIV,BC-E,Girl,TS EAMCET ,103781
CBIT-CHAITANYA BHARATHI INSTITUTE OF TECHNOLOGY,CIV,SC,Boy,TS EAMCET ,56358
CBIT-CHAITANYA BHARATHI INSTITUTE OF TECHNOLOGY,CIV,SC,Girl,TS EAMCET ,61803
CBIT-CHAITANYA BHARATHI INSTITUTE OF TECHNOLOGY,CIV,ST,Boy,TS EAMCET ,44439
CBIT-CHAITANYA BHARATHI INSTITUTE OF TECHNOLOGY,CIV,ST,Girl,TS EAMCET ,67472
CBIT-CHAITANYA BHARATHI INSTITUTE OF TECHNOLOGY,CSE,OC,Boy,TS EAMCET ,2135
CBIT-CHAITANYA BHARATHI INSTITUTE OF TECHNOLOGY,CSE,OC,Girl,TS EAMCET ,2219
CBIT-CHAITANYA BHARATHI INSTITUTE OF TECHNOLOGY,CSE,EWS,Boy,TS EAMCET ,2154
CBIT-CHAITANYA BHARATHI INSTITUTE OF TECHNOLOGY,CSE,EWS,Girl,TS EAMCET ,2304
CBIT-CHAITANYA BHARATHI INSTITUTE OF TECHNOLOGY,CSE,BC-A,Boy,TS EAMCET ,3807
CBIT-CHAITANYA BHARATHI INSTITUTE OF TECHNOLOGY,CSE,BC-A,Girl,TS EAMCET ,4497
CBIT-CHAITANYA BHARATHI INSTITUTE OF TECHNOLOGY,CSE,BC-B,Boy,TS EAMCET ,2673
CBIT-CHAITANYA BHARATHI INSTITUTE OF TECHNOLOGY,CSE,BC-B,Girl,TS EAMCET ,2697
CBIT-CHAITANYA BHARATHI INSTITUTE OF TECHNOLOGY,CSE,BC-C,Boy,TS EAMCET ,2135
CBIT-CHAITANYA BHARATHI INSTITUTE OF TECHNOLOGY,CSE,BC-C,Girl,TS EAMCET ,6912
CBIT-CHAITANYA BHARATHI INSTITUTE OF TECHNOLOGY,CSE,BC-D ,Boy,TS EAMCET ,2754
CBIT-CHAITANYA BHARATHI INSTITUTE OF TECHNOLOGY,CSE,BC-D ,Girl,TS EAMCET ,4007
CBIT-CHAITANYA BHARATHI INSTITUTE OF TECHNOLOGY,CSE,BC-E,Boy,TS EAMCET ,3405
CBIT-CHAITANYA BHARATHI INSTITUTE OF TECHNOLOGY,CSE,BC-E,Girl,TS EAMCET ,4632
CBIT-CHAITANYA BHARATHI INSTITUTE OF TECHNOLOGY,CSE,SC,Boy,TS EAMCET ,8288
CBIT-CHAITANYA BHARATHI INSTITUTE OF TECHNOLOGY,CSE,SC,Girl,TS EAMCET ,8288
CBIT-CHAITANYA BHARATHI INSTITUTE OF TECHNOLOGY,CSE,ST,Boy,TS EAMCET ,6650
CBIT-CHAITANYA BHARATHI INSTITUTE OF TECHNOLOGY,CSE,ST,Girl,TS EAMCET ,1077
CBIT-CHAITANYA BHARATHI INSTITUTE OF TECHNOLOGY,CSM,OC,Boy,TS EAMCET ,2207
CBIT-CHAITANYA BHARATHI INSTITUTE OF TECHNOLOGY,CSM,OC,Girl,TS EAMCET ,2507
CBIT-CHAITANYA BHARATHI INSTITUTE OF TECHNOLOGY,CSM,EWS,Boy,TS EAMCET ,2207
CBIT-CHAITANYA BHARATHI INSTITUTE OF TECHNOLOGY,CSM,EWS,Girl,TS EAMCET ,2837
CBIT-CHAITANYA BHARATHI INSTITUTE OF TECHNOLOGY,CSM,BC-A,Boy,TS EAMCET ,3304
CBIT-CHAITANYA BHARATHI INSTITUTE OF TECHNOLOGY,CSM,BC-A,Girl,TS EAMCET ,6813
CBIT-CHAITANYA BHARATHI INSTITUTE OF TECHNOLOGY,CSM,BC-B,Boy,TS EAMCET ,2200
CBIT-CHAITANYA BHARATHI INSTITUTE OF TECHNOLOGY,CSM,BC-B,Girl,TS EAMCET ,2207
CBIT-CHAITANYA BHARATHI INSTITUTE OF TECHNOLOGY,CSM,BC-C,Boy,TS EAMCET ,2507
CBIT-CHAITANYA BHARATHI INSTITUTE OF TECHNOLOGY,CSM,BC-C,Girl,TS EAMCET ,2868
CBIT-CHAITANYA BHARATHI INSTITUTE OF TECHNOLOGY,CSM,BC-D ,Boy,TS EAMCET ,4543
CBIT-CHAITANYA BHARATHI INSTITUTE OF TECHNOLOGY,CSM,BC-D ,Girl,TS EAMCET ,3273
CBIT-CHAITANYA BHARATHI INSTITUTE OF TECHNOLOGY,CSM,BC-E,Boy,TS EAMCET ,7342
CBIT-CHAITANYA BHARATHI INSTITUTE OF TECHNOLOGY,CSM,BC-E,Girl,TS EAMCET ,9918
CBIT-CHAITANYA BHARATHI INSTITUTE OF TECHNOLOGY,CSM,SC,Boy,TS EAMCET ,9919
CBIT-CHAITANYA BHARATHI INSTITUTE OF TECHNOLOGY,CSM,SC,Girl,TS EAMCET ,7467
CBIT-CHAITANYA BHARATHI INSTITUTE OF TECHNOLOGY,CSM,ST,Boy,TS EAMCET ,13798
CBIT-CHAITANYA BHARATHI INSTITUTE OF TECHNOLOGY,CSM,ST,Girl,TS EAMCET ,13798
CBIT-CHAITANYA BHARATHI INSTITUTE OF TECHNOLOGY,ECE,OC,Boy,TS EAMCET ,12737
CBIT-CHAITANYA BHARATHI INSTITUTE OF TECHNOLOGY,ECE,OC,Girl,TS EAMCET ,22054
CBIT-CHAITANYA BHARATHI INSTITUTE OF TECHNOLOGY,ECE,EWS,Boy,TS EAMCET ,20902
CBIT-CHAITANYA BHARATHI INSTITUTE OF TECHNOLOGY,ECE,EWS,Girl,TS EAMCET ,33969
CBIT-CHAITANYA BHARATHI INSTITUTE OF TECHNOLOGY,ECE,BC-A,Boy,TS EAMCET ,56520
CBIT-CHAITANYA BHARATHI INSTITUTE OF TECHNOLOGY,ECE,BC-A,Girl,TS EAMCET ,109351
CBIT-CHAITANYA BHARATHI INSTITUTE OF TECHNOLOGY,ECE,BC-B,Boy,TS EAMCET ,25391
CBIT-CHAITANYA BHARATHI INSTITUTE OF TECHNOLOGY,ECE,BC-B,Girl,TS EAMCET ,37359
CBIT-CHAITANYA BHARATHI INSTITUTE OF TECHNOLOGY,ECE,BC-C,Boy,TS EAMCET ,12737
CBIT-CHAITANYA BHARATHI INSTITUTE OF TECHNOLOGY,ECE,BC-C,Girl,TS EAMCET ,22054
CBIT-CHAITANYA BHARATHI INSTITUTE OF TECHNOLOGY,ECE,BC-D ,Boy,TS EAMCET ,28018
CBIT-CHAITANYA BHARATHI INSTITUTE OF TECHNOLOGY,ECE,BC-D ,Girl,TS EAMCET ,30979
CBIT-CHAITANYA BHARATHI INSTITUTE OF TECHNOLOGY,ECE,BC-E,Boy,TS EAMCET ,32203
CBIT-CHAITANYA BHARATHI INSTITUTE OF TECHNOLOGY,ECE,BC-E,Girl,TS EAMCET ,52608
CBIT-CHAITANYA BHARATHI INSTITUTE OF TECHNOLOGY,ECE,SC,Boy,TS EAMCET ,38615
CBIT-CHAITANYA BHARATHI INSTITUTE OF TECHNOLOGY,ECE,SC,Girl,TS EAMCET ,40682
CBIT-CHAITANYA BHARATHI INSTITUTE OF TECHNOLOGY,ECE,ST,Boy,TS EAMCET ,32596
CBIT-CHAITANYA BHARATHI INSTITUTE OF TECHNOLOGY,ECE,ST,Girl,TS EAMCET ,41779
CBIT-CHAITANYA BHARATHI INSTITUTE OF TECHNOLOGY,EEE,OC,Boy,TS EAMCET ,8792
CBIT-CHAITANYA BHARATHI INSTITUTE OF TECHNOLOGY,EEE,OC,Girl,TS EAMCET ,12737
CBIT-CHAITANYA BHARATHI INSTITUTE OF TECHNOLOGY,EEE,EWS,Boy,TS EAMCET ,22054
CBIT-CHAITANYA BHARATHI INSTITUTE OF TECHNOLOGY,EEE,EWS,Girl,TS EAMCET ,20901
CBIT-CHAITANYA BHARATHI INSTITUTE OF TECHNOLOGY,EEE,BC-A,Boy,TS EAMCET ,33969
CBIT-CHAITANYA BHARATHI INSTITUTE OF TECHNOLOGY,EEE,BC-A,Girl,TS EAMCET ,56520
CBIT-CHAITANYA BHARATHI INSTITUTE OF TECHNOLOGY,EEE,BC-B,Boy,TS EAMCET ,109351
CBIT-CHAITANYA BHARATHI INSTITUTE OF TECHNOLOGY,EEE,BC-B,Girl,TS EAMCET ,25391
CBIT-CHAITANYA BHARATHI INSTITUTE OF TECHNOLOGY,EEE,BC-C,Boy,TS EAMCET ,37359
CBIT-CHAITANYA BHARATHI INSTITUTE OF TECHNOLOGY,EEE,BC-C,Girl,TS EAMCET ,12737
CBIT-CHAITANYA BHARATHI INSTITUTE OF TECHNOLOGY,EEE,BC-D ,Boy,TS EAMCET ,22054
CBIT-CHAITANYA BHARATHI INSTITUTE OF TECHNOLOGY,EEE,BC-D ,Girl,TS EAMCET ,28018
CBIT-CHAITANYA BHARATHI INSTITUTE OF TECHNOLOGY,EEE,BC-E,Boy,TS EAMCET ,30979
CBIT-CHAITANYA BHARATHI INSTITUTE OF TECHNOLOGY,EEE,BC-E,Girl,TS EAMCET ,32203
CBIT-CHAITANYA BHARATHI INSTITUTE OF TECHNOLOGY,EEE,SC,Boy,TS EAMCET ,52608
CBIT-CHAITANYA BHARATHI INSTITUTE OF TECHNOLOGY,EEE,SC,Girl,TS EAMCET ,38615
CBIT-CHAITANYA BHARATHI INSTITUTE OF TECHNOLOGY,EEE,ST,Boy,TS EAMCET ,40692
CBIT-CHAITANYA BHARATHI INSTITUTE OF TECHNOLOGY,EEE,ST,Girl,TS EAMCET ,32596
CBIT-CHAITANYA BHARATHI INSTITUTE OF TECHNOLOGY,MEC,OC,Boy,TS EAMCET ,23903
CBIT-CHAITANYA BHARATHI INSTITUTE OF TECHNOLOGY,MEC,OC,Girl,TS EAMCET ,55623
CBIT-CHAITANYA BHARATHI INSTITUTE OF TECHNOLOGY,MEC,EWS,Boy,TS EAMCET ,47153
CBIT-CHAITANYA BHARATHI INSTITUTE OF TECHNOLOGY,MEC,EWS,Girl,TS EAMCET ,55623
CBIT-CHAITANYA BHARATHI INSTITUTE OF TECHNOLOGY,MEC,BC-A,Boy,TS EAMCET ,78894
CBIT-CHAITANYA BHARATHI INSTITUTE OF TECHNOLOGY,MEC,BC-A,Girl,TS EAMCET ,88145
CBIT-CHAITANYA BHARATHI INSTITUTE OF TECHNOLOGY,MEC,BC-B,Boy,TS EAMCET ,44829
CBIT-CHAITANYA BHARATHI INSTITUTE OF TECHNOLOGY,MEC,BC-B,Girl,TS EAMCET ,79089
CBIT-CHAITANYA BHARATHI INSTITUTE OF TECHNOLOGY,MEC,BC-C,Boy,TS EAMCET ,23905
CBIT-CHAITANYA BHARATHI INSTITUTE OF TECHNOLOGY,MEC,BC-C,Girl,TS EAMCET ,55623
CBIT-CHAITANYA BHARATHI INSTITUTE OF TECHNOLOGY,MEC,BC-D ,Boy,TS EAMCET ,70639
CBIT-CHAITANYA BHARATHI INSTITUTE OF TECHNOLOGY,MEC,BC-D ,Girl,TS EAMCET ,73505
CBIT-CHAITANYA BHARATHI INSTITUTE OF TECHNOLOGY,MEC,BC-E,Boy,TS EAMCET ,42175
CBIT-CHAITANYA BHARATHI INSTITUTE OF TECHNOLOGY,MEC,BC-E,Girl,TS EAMCET ,55625
CBIT-CHAITANYA BHARATHI INSTITUTE OF TECHNOLOGY,MEC,SC,Boy,TS EAMCET ,86132
CBIT-CHAITANYA BHARATHI INSTITUTE OF TECHNOLOGY,MEC,SC,Girl,TS EAMCET ,122235
CBIT-CHAITANYA BHARATHI INSTITUTE OF TECHNOLOGY,MEC,ST,Boy,TS EAMCET ,58487
CBIT-CHAITANYA BHARATHI INSTITUTE OF TECHNOLOGY,MEC,ST,Girl,TS EAMCET ,91673
BVRITN,CHE,OC,Boy,TS EAMCET ,84540
BVRITN,CHE,OC,Girl,TS EAMCET ,96342
BVRITN,CHE,EWS,Boy,TS EAMCET ,47153
BVRITN,CHE,EWS,Girl,TS EAMCET ,113375
BVRITN,CHE,BC-A,Boy,TS EAMCET ,113375
BVRITN,CHE,BC-A,Girl,TS EAMCET ,114975
BVRITN,CHE,BC-B,Boy,TS EAMCET ,114495
BVRITN,CHE,BC-B ,Girl,TS EAMCET ,114495
BVRITN,CHE,BC-C,Boy,TS EAMCET ,84540
BVRITN,CHE,BC-C,Girl,TS EAMCET ,116117
BVRITN,CHE,BC-D ,Boy,TS EAMCET ,84761
BVRITN,CHE,BC-D ,Girl,TS EAMCET ,104865
BVRITN,CHE,BC-E ,Boy,TS EAMCET ,84540
BVRITN,CHE,BC-E ,Girl,TS EAMCET ,96342
BVRITN,CHE,SC ,Boy,TS EAMCET ,125964
BVRITN,CHE,SC ,Girl,TS EAMCET ,125964
BVRITN,CHE,ST,Boy,TS EAMCET ,124846
BVRITN,CHE,ST,Girl,TS EAMCET ,124846
BVRITN,CIV,OC,Boy,TS EAMCET ,50783
BVRITN,CIV,EWS,Boy,TS EAMCET ,89239
BVRITN,CIV,EWS,Girl,TS EAMCET ,116991
BVRITN,CIV,OC,Girl,TS EAMCET ,62813
BVRITN,CIV,BC-A,Boy,TS EAMCET ,112012
BVRITN,CIV,BC-A ,Girl,TS EAMCET ,114975
BVRITN,CIV,BC-B,Boy,TS EAMCET ,114495
BVRITN,CIV,BC-B,Girl,TS EAMCET ,84540
BVRITN,CIV,BC-C,Boy,TS EAMCET ,116117
BVRITN,CIV,BC-C,Girl,TS EAMCET ,84761
BVRITN,CIV,BC-D ,Boy,TS EAMCET ,104865
BVRITN,CIV,BC-D ,Girl,TS EAMCET ,84540
BVRITN,CIV,BC-E ,Boy,TS EAMCET ,96342
BVRITN,CIV,BC-E ,Girl,TS EAMCET ,125964
BVRITN,CIV,SC ,Boy,TS EAMCET ,125964
BVRITN,CIV,SC ,Girl,TS EAMCET ,124846
BVRITN,CIV,ST,Boy,TS EAMCET ,124846
BVRITN,CIV,ST,Girl,TS EAMCET ,124846
BVRITN,CSE,OC,Boy,TS EAMCET ,8233
BVRITN,CSE,OC,Girl,TS EAMCET ,8575
BVRITN,CSE,EWS,Boy,TS EAMCET ,8542
BVRITN,CSE,EWS,Girl,TS EAMCET ,8575
BVRITN,CSE,BC-A,Boy,TS EAMCET ,18227
BVRITN,CSE,BC-A,Girl,TS EAMCET ,24160
BVRITN,CSE,BC-B,Boy,TS EAMCET ,12233
BVRITN,CSE,BC-B,Girl,TS EAMCET ,13660
BVRITN,CSE,BC-C,Boy,TS EAMCET ,12975
BVRITN,CSE,BC-C ,Girl,TS EAMCET ,28394
BVRITN,CSE,BC-D ,Boy,TS EAMCET ,12986
BVRITN,CSE,BC-D ,Girl,TS EAMCET ,12986
BVRITN,CSE,BC-E ,Boy,TS EAMCET ,14774
BVRITN,CSE,BC-E ,Girl,TS EAMCET ,32108
BVRITN,CSE,SC ,Boy,TS EAMCET ,30580
BVRITN,CSE,SC ,Girl,TS EAMCET ,30580
BVRITN,CSE,ST,Boy,TS EAMCET ,19046
BVRITN,CSE,ST,Girl,TS EAMCET ,24774
BVRITN,CSM,OC,Boy,TS EAMCET ,9477
BVRITN,CSM,OC,Girl,TS EAMCET ,9579
BVRITN,CSM,EWS,Boy,TS EAMCET ,8575
BVRITN,CSM,EWS,Girl,TS EAMCET ,10000
BVRITN,CSM,BC-A,Girl,TS EAMCET ,12904
BVRITN,CSM,BC-B,Boy,TS EAMCET ,15520
BVRITN,CSM,BC-B,Girl,TS EAMCET ,9477
BVRITN,CSM,BC-C,Boy,TS EAMCET ,33466
BVRITN,CSM,BC-C,Girl,TS EAMCET ,14242
BVRITN,CSM,BC-D ,Boy,TS EAMCET ,14242
BVRITN,CSM,BC-D ,Girl,TS EAMCET ,19492
BVRITN,CSM,BC-E ,Boy,TS EAMCET ,38439
BVRITN,CSM,BC-E ,Girl,TS EAMCET ,31869
BVRITN,CSM,SC ,Boy,TS EAMCET ,35548
BVRITN,CSM,SC ,Girl,TS EAMCET ,24103
BVRITN,CSM,ST,Boy,TS EAMCET ,32931
BVRITN,CSM,EWS,Girl,TS EAMCET ,32000
BVRITN,CSM,EWS,Boy,TS EAMCET ,3001
BVRITN,CSM,ST,Girl,TS EAMCET ,32931
BVRITN,ECE,OC,Boy,TS EAMCET ,17755
BVRITN,ECE,OC,Girl,TS EAMCET ,19340
BVRITN,ECE,BC-A,Boy,TS EAMCET ,55505
BVRITN,ECE,BC-A ,Girl,TS EAMCET ,66749
BVRITN,ECE,BC-B,Boy,TS EAMCET ,33244
BVRITN,ECE,BC-B,Girl,TS EAMCET ,33338
BVRITN,ECE,BC-C,Boy,TS EAMCET ,24262
BVRITN,ECE,BC-C,Girl,TS EAMCET ,24262
BVRITN,ECE,BC-D ,Boy,TS EAMCET ,25566
BVRITN,ECE,BC-D ,Girl,TS EAMCET ,33648
BVRITN,ECE,BC-E ,Boy,TS EAMCET ,54352
BVRITN,ECE,BC-E ,Girl,TS EAMCET ,73395
BVRITN,ECE,SC ,Boy,TS EAMCET ,68732
BVRITN,ECE,SC ,Girl,TS EAMCET ,78104
BVRITN,ECE,ST,Boy,TS EAMCET ,399412
BVRITN,ECE,ST,Girl,TS EAMCET ,88594
BVRITN,EEE,OC,Boy,TS EAMCET ,39154
BVRITN,EEE,OC,Girl,TS EAMCET ,39154
BVRITN,EEE,EWS,Boy,TS EAMCET ,3200
BVRITN,EEE,EWS,Girl,TS EAMCET ,3206
BVRITN,EEE,BC-A,Boy,TS EAMCET ,58899
BVRITN,EEE,BC-A,Girl,TS EAMCET ,61942
BVRITN,EEE,BC-B,Boy,TS EAMCET ,99257
BVRITN,EEE,BC-B,Girl,TS EAMCET ,99257
BVRITN,EEE,BC-C,Boy,TS EAMCET ,55351
BVRITN,EEE,BC-C,Girl,TS EAMCET ,55351
BVRITN,EEE,BC-D ,Boy,TS EAMCET ,55809
BVRITN,EEE,BC-D ,Girl,TS EAMCET ,53431
BVRITN,EEE,BC-E ,Boy,TS EAMCET ,115586
BVRITN,EEE,BC-E ,Girl,TS EAMCET ,115586
BVRITN,EEE,SC ,Boy,TS EAMCET ,116988
BVRITN,EEE,SC ,Girl,TS EAMCET ,116988
BVRITN,EEE,ST,Boy,TS EAMCET ,41217
BVRITN,EEE,ST,Girl,TS EAMCET ,55602
BVRITN,MEC,OC,Boy,TS EAMCET ,55364
BVRITN,MEC,OC,Girl,TS EAMCET ,77883
BVRITN,MEC,BC-A,Boy,TS EAMCET ,106233
BVRITN,MEC,BC-A,Girl,TS EAMCET ,117234
BVRITN,MEC,BC-B,Boy,TS EAMCET ,94140
BVRITN,MEC,BC-B,Girl,TS EAMCET ,94140
BVRITN,MEC,BC-C,Boy,TS EAMCET ,55364
BVRITN,MEC,BC-C,Girl,TS EAMCET ,77883
BVRITN,MEC,BC-D ,Boy,TS EAMCET ,91378
BVRITN,MEC,BC-D ,Girl,TS EAMCET ,91378
BVRITN,MEC,BC-E ,Boy,TS EAMCET ,106591
BVRITN,MEC,BC-E ,Girl,TS EAMCET ,10241
BVRITN,MEC,SC ,Boy,TS EAMCET ,124460
BVRITN,MEC,SC ,Girl,TS EAMCET ,124460
BVRITN,MEC,ST,Boy,TS EAMCET ,102039
BVRITN,MEC,ST,Girl,TS EAMCET ,102039
MGIT,CHE,OC,Boy,TS EAMCET ,10302
MGIT,CHE,OC,Girl,TS EAMCET ,10794
MGIT,CHE,EWS,Boy,TS EAMCET ,10912
MGIT,CHE,EWS,Girl,TS EAMCET ,10912
MGIT,CHE,BC-A,Boy,TS EAMCET ,21420
MGIT,CHE,BC-A,Girl,TS EAMCET ,33782
MGIT,CHE,BC-B,Boy,TS EAMCET ,16105
MGIT,CHE,BC-B,Girl,TS EAMCET ,19006
MGIT,CHE,BC-C,Boy,TS EAMCET ,32352
MGIT,CHE,BC-C,Girl,TS EAMCET ,32352
MGIT,CHE,BC-D ,Boy,TS EAMCET ,15942
MGIT,CHE,BC-D ,Girl,TS EAMCET ,24366
MGIT,CHE,BC-E,Boy,TS EAMCET ,22940
MGIT,CHE,BC-E,Girl,TS EAMCET ,46150
MGIT,CHE,SC,Boy,TS EAMCET ,39621
MGIT,CHE,SC,Girl,TS EAMCET ,39621
MGIT,CHE,ST,Boy,TS EAMCET ,37774
MGIT,CHE,ST,Girl,TS EAMCET ,37774
MGIT,CIV,OC,Boy,TS EAMCET ,49056
MGIT,CIV,OC,Girl,TS EAMCET ,70913
MGIT,CIV,EWS,Boy,TS EAMCET ,111608
MGIT,CIV,EWS,Girl,TS EAMCET ,111608
MGIT,CIV,BC-A,Boy,TS EAMCET ,99006
MGIT,CIV,BC-A,Girl,TS EAMCET ,99006
MGIT,CIV,BC-B,Boy,TS EAMCET ,81165
MGIT,CIV,BC-B,Girl,TS EAMCET ,117421
MGIT,CIV,BC-C,Boy,TS EAMCET ,81489
MGIT,CIV,BC-C,Girl,TS EAMCET ,81489
MGIT,CIV,BC-D ,Boy,TS EAMCET ,104377
MGIT,CIV,BC-D ,Girl,TS EAMCET ,76946
MGIT,CIV,BC-E,Boy,TS EAMCET ,84866
MGIT,CIV,BC-E,Girl,TS EAMCET ,118696
MGIT,CIV,SC,Boy,TS EAMCET ,121274
MGIT,CIV,SC,Girl,TS EAMCET ,98780
MGIT,CIV,ST,Boy,TS EAMCET ,125755
MGIT,CIV,ST,Girl,TS EAMCET ,12233
MGIT,CSE,OC,Boy,TS EAMCET ,7191
MGIT,CSE,OC,Girl,TS EAMCET ,7902
MGIT,CSE,EWS,Boy,TS EAMCET ,7676
MGIT,CSE,EWS,Girl,TS EAMCET ,7902
MGIT,CSE,BC-A,Boy,TS EAMCET ,16887
MGIT,CSE,BC-A,Girl,TS EAMCET ,21860
MGIT,CSE,BC-B,Boy,TS EAMCET ,11683
MGIT,CSE,BC-B,Girl,TS EAMCET ,13407
MGIT,CSE,BC-C,Boy,TS EAMCET ,10043
MGIT,CSE,BC-C,Girl,TS EAMCET ,10043
MGIT,CSE,BC-D ,Boy,TS EAMCET ,10075
MGIT,CSE,BC-D ,Girl,TS EAMCET ,13485
MGIT,CSE,BC-E,Boy,TS EAMCET ,10802
MGIT,CSE,BC-E,Girl,TS EAMCET ,23884
MGIT,CSE,SC,Boy,TS EAMCET ,23468
MGIT,CSE,SC,Girl,TS EAMCET ,26038
MGIT,CSE,ST,Boy,TS EAMCET ,20677
MGIT,CSE,ST,Girl,TS EAMCET ,25126
MGIT,CSM,OC,Boy,TS EAMCET ,7930
MGIT,CSM,OC,Girl,TS EAMCET ,7930
MGIT,CSM,EWS,Boy,TS EAMCET ,7931
MGIT,CSM,EWS,Girl,TS EAMCET ,7964
MGIT,CSM,BC-A,Boy,TS EAMCET ,16891
MGIT,CSM,BC-A,Girl,TS EAMCET ,23685
MGIT,CSM,BC-B,Boy,TS EAMCET ,14119
MGIT,CSM,BC-B,Girl,TS EAMCET ,32931
MGIT,CSM,BC-C,Boy,TS EAMCET ,7930
MGIT,CSM,BC-C,Girl,TS EAMCET ,21558
MGIT,CSM,BC-D ,Boy,TS EAMCET ,12412
MGIT,CSM,BC-D ,Girl,TS EAMCET ,13792
MGIT,CSM,BC-E,Boy,TS EAMCET ,8686
MGIT,CSM,BC-E,Girl,TS EAMCET ,19819
MGIT,CSM,SC,Boy,TS EAMCET ,31546
MGIT,CSM,SC,Girl,TS EAMCET ,31546
MGIT,CSM,ST,Boy,TS EAMCET ,21810
MGIT,CSM,ST,Girl,TS EAMCET ,29875
MGIT,ECE,OC,Boy,TS EAMCET ,16786
MGIT,ECE,OC,Girl,TS EAMCET ,16786
MGIT,ECE,EWS,Boy,TS EAMCET ,17608
MGIT,ECE,EWS,Girl,TS EAMCET ,17608
MGIT,ECE,BC-A,Boy,TS EAMCET ,34515
MGIT,ECE,BC-A,Girl,TS EAMCET ,506343
MGIT,ECE,BC-B,Boy,TS EAMCET ,31171
MGIT,ECE,BC-B,Girl,TS EAMCET ,31246
MGIT,ECE,BC-C,Boy,TS EAMCET ,16786
MGIT,ECE,BC-C,Girl,TS EAMCET ,42229
MGIT,ECE,BC-D ,Boy,TS EAMCET ,24552
MGIT,ECE,BC-D ,Girl,TS EAMCET ,30465
MGIT,ECE,BC-E,Boy,TS EAMCET ,44040
MGIT,ECE,BC-E,Girl,TS EAMCET ,64044
MGIT,ECE,SC,Boy,TS EAMCET ,66531
MGIT,ECE,SC,Girl,TS EAMCET ,69435
MGIT,ECE,ST,Boy,TS EAMCET ,34894
MGIT,ECE,ST,Girl,TS EAMCET ,51020
MGIT,EEE,OC,Boy,TS EAMCET ,22823
MGIT,EEE,OC,Girl,TS EAMCET ,48286
MGIT,EEE,EWS,Boy,TS EAMCET ,60316
MGIT,EEE,EWS,Girl,TS EAMCET ,61198
MGIT,EEE,BC-A,Boy,TS EAMCET ,105362
MGIT,EEE,BC-A,Girl,TS EAMCET ,113527
MGIT,EEE,BC-B,Boy,TS EAMCET ,5984472956
MGIT,EEE,BC-B,Girl,TS EAMCET ,22828
MGIT,EEE,BC-C,Boy,TS EAMCET ,48628
MGIT,EEE,BC-C,Girl,TS EAMCET ,43933
MGIT,EEE,BC-D ,Boy,TS EAMCET ,75958
MGIT,EEE,BC-D ,Girl,TS EAMCET ,114994
MGIT,EEE,BC-E,Boy,TS EAMCET ,114994
MGIT,EEE,BC-E,Girl,TS EAMCET ,90378
MGIT,EEE,SC,Boy,TS EAMCET ,114833
MGIT,EEE,SC,Girl,TS EAMCET ,73387
MGIT,EEE,ST,Boy,TS EAMCET ,79892
MGIT,EEE,ST,Girl,TS EAMCET ,798992
MGIT,MEC,OC,Boy,TS EAMCET ,124460
MGIT,MEC,OC,Girl,TS EAMCET ,116527
MGIT,MEC,EWS,Boy,TS EAMCET ,121594
MGIT,MEC,EWS,Girl,TS EAMCET ,116527
MGIT,MEC,BC-A,Boy,TS EAMCET ,121755
MGIT,MEC,BC-A,Girl,TS EAMCET ,92708
MGIT,MEC,BC-B,Boy,TS EAMCET ,92708
MGIT,MEC,BC-B,Girl,TS EAMCET ,118219
MGIT,MEC,BC-C,Boy,TS EAMCET ,118219
MGIT,MEC,BC-C,Girl,TS EAMCET ,59557
MGIT,MEC,BC-D ,Boy,TS EAMCET ,59557
MGIT,MEC,BC-D ,Girl,TS EAMCET ,83737
MGIT,MEC,BC-E,Boy,TS EAMCET ,106224
MGIT,MEC,BC-E,Girl,TS EAMCET ,106339
MGIT,MEC,SC,Boy,TS EAMCET ,107661
MGIT,MEC,SC,Girl,TS EAMCET ,122268
MGIT,MEC,ST,Boy,TS EAMCET ,122268
MGIT,MEC,ST,Girl,TS EAMCET ,120041
GRRR,CHE,OC,Boy,TS EAMCET ,8486
GRRR,CHE,OC,Girl,TS EAMCET ,8905
GRRR,CHE,EWS,Boy,TS EAMCET ,9231
GRRR,CHE,EWS,Girl,TS EAMCET ,10014
GRRR,CHE,BC-A,Boy,TS EAMCET ,19526
GRRR,CHE,BC-A,Girl,TS EAMCET ,29174
GRRR,CHE,BC-B,Boy,TS EAMCET ,11150
GRRR,CHE,BC-B,Girl,TS EAMCET ,12965
GRRR,CHE,BC-C,Boy,TS EAMCET ,37700
GRRR,CHE,BC-C,Girl,TS EAMCET ,37700
GRRR,CHE,BC-D ,Boy,TS EAMCET ,13377
GRRR,CHE,BC-D ,Girl,TS EAMCET ,15530
GRRR,CHE,BC-E,Boy,TS EAMCET ,16686
GRRR,CHE,BC-E,Girl,TS EAMCET ,16686
GRRR,CHE,SC,Boy,TS EAMCET ,28876
GRRR,CHE,SC,Girl,TS EAMCET ,33596
GRRR,CHE,ST,Boy,TS EAMCET ,27490
GRRR,CHE,ST,Girl,TS EAMCET ,48176
GRRR,CIV,OC,Boy,TS EAMCET ,15721
GRRR,CIV,OC,Girl,TS EAMCET ,48842
GRRR,CIV,EWS,Boy,TS EAMCET ,102358
GRRR,CIV,EWS,Girl,TS EAMCET ,102358
GRRR,CIV,BC-A,Boy,TS EAMCET ,116791
GRRR,CIV,BC-A,Girl,TS EAMCET ,116791
GRRR,CIV,BC-B,Boy,TS EAMCET ,1134423
GRRR,CIV,BC-B,Girl,TS EAMCET ,1134423
GRRR,CIV,BC-C,Boy,TS EAMCET ,15721
GRRR,CIV,BC-C,Girl,TS EAMCET ,48842
GRRR,CIV,BC-D ,Boy,TS EAMCET ,113778
GRRR,CIV,BC-D ,Girl,TS EAMCET ,115988
GRRR,CIV,BC-E,Boy,TS EAMCET ,91979
GRRR,CIV,BC-E,Girl,TS EAMCET ,104445
GRRR,CIV,SC,Boy,TS EAMCET ,101105
GRRR,CIV,SC,Girl,TS EAMCET ,124025
GRRR,CIV,ST,Boy,TS EAMCET ,78032
GRRR,CIV,ST,Girl,TS EAMCET ,118326
GRRR,CSE,OC,Boy,TS EAMCET ,6094
GRRR,CSE,OC,Girl,TS EAMCET ,6094
GRRR,CSE,EWS,Boy,TS EAMCET ,6348
GRRR,CSE,EWS,Girl,TS EAMCET ,6904
GRRR,CSE,BC-A,Boy,TS EAMCET ,9102
GRRR,CSE,BC-A,Girl,TS EAMCET ,19581
GRRR,CSE,BC-B,Boy,TS EAMCET ,8982
GRRR,CSE,BC-B,Girl,TS EAMCET ,10603
GRRR,CSE,BC-C,Boy,TS EAMCET ,19218
GRRR,CSE,BC-C,Girl,TS EAMCET ,19218
GRRR,CSE,BC-D ,Boy,TS EAMCET ,10075
GRRR,CSE,BC-D ,Girl,TS EAMCET ,13485
GRRR,CSE,BC-E,Boy,TS EAMCET ,9084
GRRR,CSE,BC-E,Girl,TS EAMCET ,8871
GRRR,CSE,SC,Boy,TS EAMCET ,16153
GRRR,CSE,SC,Girl,TS EAMCET ,17384
GRRR,CSE,ST,Boy,TS EAMCET ,18844
GRRR,CSE,ST,Girl,TS EAMCET ,15949
GRRR,CSM,OC,Boy,TS EAMCET ,6094
GRRR,CSM,OC,Girl,TS EAMCET ,6348
GRRR,CSM,EWS,Boy,TS EAMCET ,6094
GRRR,CSM,EWS,Girl,TS EAMCET ,6904
GRRR,CSM,BC-A,Boy,TS EAMCET ,14474
GRRR,CSM,BC-A,Girl,TS EAMCET ,19581
GRRR,CSM,BC-B,Boy,TS EAMCET ,8982
GRRR,CSM,BC-B,Girl,TS EAMCET ,10603
GRRR,CSM,BC-C,Boy,TS EAMCET ,19218
GRRR,CSM,BC-C,Girl,TS EAMCET ,19218
GRRR,CSM,BC-D ,Boy,TS EAMCET ,9102
GRRR,CSM,BC-D ,Girl,TS EAMCET ,12823
GRRR,CSM,BC-E,Boy,TS EAMCET ,14730
GRRR,CSM,BC-E,Girl,TS EAMCET ,16647
GRRR,CSM,SC,Boy,TS EAMCET ,21722
GRRR,CSM,SC,Girl,TS EAMCET ,23404
GRRR,CSM,ST,Boy,TS EAMCET ,19739
GRRR,CSM,ST,Girl,TS EAMCET ,30912
GRRR,ECE,OC,Boy,TS EAMCET ,10884
GRRR,ECE,OC,Girl,TS EAMCET ,11992
GRRR,ECE,EWS,Boy,TS EAMCET ,11924
GRRR,ECE,EWS,Girl,TS EAMCET ,11992
GRRR,ECE,BC-A,Boy,TS EAMCET ,25827
GRRR,ECE,BC-A,Girl,TS EAMCET ,30914
GRRR,ECE,BC-B,Boy,TS EAMCET ,16227
GRRR,ECE,BC-B,Girl,TS EAMCET ,19022
GRRR,ECE,BC-C,Boy,TS EAMCET ,10884
GRRR,ECE,BC-C,Girl,TS EAMCET ,45720
GRRR,ECE,BC-D ,Boy,TS EAMCET ,17692
GRRR,ECE,BC-D ,Girl,TS EAMCET ,19087
GRRR,ECE,BC-E,Boy,TS EAMCET ,36138
GRRR,ECE,BC-E,Girl,TS EAMCET ,36138
GRRR,ECE,SC,Boy,TS EAMCET ,42710
GRRR,ECE,SC,Girl,TS EAMCET ,46934
GRRR,ECE,ST,Boy,TS EAMCET ,29413
GRRR,ECE,ST,Girl,TS EAMCET ,29413
GRRR,EEE,OC,Boy,TS EAMCET ,24103
GRRR,EEE,OC,Girl,TS EAMCET ,33786
GRRR,EEE,EWS,Boy,TS EAMCET ,40316
GRRR,EEE,EWS,Girl,TS EAMCET ,40136
GRRR,EEE,BC-A,Boy,TS EAMCET ,112104
GRRR,EEE,BC-A,Girl,TS EAMCET ,112104
GRRR,EEE,BC-B,Boy,TS EAMCET ,51380
GRRR,EEE,BC-B,Girl,TS EAMCET ,64643
GRRR,EEE,BC-C,Boy,TS EAMCET ,24103
GRRR,EEE,BC-C,Girl,TS EAMCET ,33786
GRRR,EEE,BC-D ,Boy,TS EAMCET ,37390
GRRR,EEE,BC-D ,Girl,TS EAMCET ,58985
GRRR,EEE,BC-E,Boy,TS EAMCET ,98529
GRRR,EEE,BC-E,Girl,TS EAMCET ,98529
GRRR,EEE,SC,Boy,TS EAMCET ,80010
GRRR,EEE,SC,Girl,TS EAMCET ,104469
GRRR,EEE,ST,Boy,TS EAMCET ,43508
GRRR,EEE,ST,Girl,TS EAMCET ,43508
GRRR,MEC,OC,Boy,TS EAMCET ,20708
GRRR,MEC,OC,Girl,TS EAMCET ,73861
GRRR,MEC,EWS,Boy,TS EAMCET ,69516
GRRR,MEC,EWS,Girl,TS EAMCET ,74636
GRRR,MEC,BC-A,Boy,TS EAMCET ,107754
GRRR,MEC,BC-A,Girl,TS EAMCET ,107754
GRRR,MEC,BC-B,Boy,TS EAMCET ,105499
GRRR,MEC,BC-B,Girl,TS EAMCET ,105499
GRRR,MEC,BC-C,Boy,TS EAMCET ,93651
GRRR,MEC,BC-C,Girl,TS EAMCET ,93651
GRRR,MEC,BC-D ,Boy,TS EAMCET ,115170
GRRR,MEC,BC-D ,Girl,TS EAMCET ,114975
GRRR,MEC,BC-E,Boy,TS EAMCET ,85813
GRRR,MEC,BC-E,Girl,TS EAMCET ,85813
GRRR,MEC,SC,Boy,TS EAMCET ,120333
GRRR,MEC,SC,Girl,TS EAMCET ,120333
GRRR,MEC,ST,Boy,TS EAMCET ,83240
GRRR,MEC,ST,Girl,TS EAMCET ,83240
